{
    "Type": "hands",
    "Points": [
        {
            "toTrack": 0,
            "x": 205.99464416503906,
            "y": 661.4143753051758,
            "leniency": 100
        },
        {
            "toTrack": 0,
            "x": 242.26139068603516,
            "y": 268.16712856292725,
            "leniency": 100
        },
        {
            "toTrack": 0,
            "x": 249.24781799316406,
            "y": 273.5172128677368,
            "leniency": 100
        },
        {
            "toTrack": 0,
            "x": 740.3554534912109,
            "y": 405.09312629699707,
            "leniency": 100
        }
    ]
}