{
    "Type": "body",
    "Points": [
        {
            "toTrack": 16,
            "x": 0.6547704935073853,
            "y": 0.5740402936935425,
            "leniency": 0.1
        },
        {
            "toTrack": 16,
            "x": 0.25041788816452026,
            "y": 0.34803077578544617,
            "leniency": 0.1
        },
        {
            "toTrack": 16,
            "x": 0.6736718416213989,
            "y": 0.5947985053062439,
            "leniency": 0.1
        }
    ]
}