{"Type": "body", "Points": [{"toTrack": 16, "x": 0.5989729166030884, "y": 0.5353492498397827, "leniency": 0.1}, {"toTrack": 16, "x": 0.3446637988090515, "y": 0.5761707425117493, "leniency": 0.1}, {"toTrack": 16, "x": 0.6135681867599487, "y": 0.5687758922576904, "leniency": 0.1}]}