{
    "Type": "hands",
    "Points": [
        {
            "toTrack": 0,
            "x": 86.91344261169434,
            "y": 440.9237480163574,
            "leniency": 100
        },
        {
            "toTrack": 0,
            "x": 867.6361083984375,
            "y": 355.7859706878662,
            "leniency": 100
        },
        {
            "toTrack": 0,
            "x": 137.62799263000488,
            "y": 420.84198474884033,
            "leniency": 100
        }
    ]
}